,pdb,chain_id,position,wtAA,prAA,wt_prob,pred_prob,avg_log_ratio,prALA,prARG,prASN,prASP,prCYS,prGLN,prGLU,prGLY,prHIS,prILE,prLEU,prLYS,prMET,prPHE,prPRO,prSER,prTHR,prTRP,prTYR,prVAL
0,,,1,MET,,,,,0,,,,,,,,,,,,1,,,,,,,
1,,,2,ALA,,,,,1,,1.190106444,1.092254695,,,1.171123539,1.023013845,,,,,,1.176677323,0.786076526,0.944553297,0.994901854,0.314116568,0.495379177,1.009356175
2,,,3,ASP,,,,,0.620462614,1.286710598,0.889189242,1,,1.287226489,0.995137116,0.950850759,0.629307562,,0.812706094,1.031126132,,-0.068259763,0.836324501,0.404668589,0.303481182,,0.674421808,0.625938748
3,,,4,GLN,,,,,,1.004102078,,,,1,,,0.666368724,,0.912269579,0.950653159,,,1.121960053,,,,,
4,,,5,LEU,,,,,0.505060245,0.777645912,0.306675509,0.583454892,,0.852363221,0.774944302,0.665042402,0.168816917,0.329284764,1,0.913133042,0.961242648,,0.961435673,1.103692176,1.108441645,0.358600647,,0.858864978
5,,,6,THR,,,,,1.01105831,,,,,,,,,1.015989424,,,1.112373714,,1.036409213,1.059080057,1,,,1.213569895
6,,,7,GLU,,,,,0.674626548,0.857060013,,1.084283964,,0.973892862,1,1.036120271,0.172293131,,0.639865907,0.792803203,,1.00664324,,,,,0.596024829,0.937572435
7,,,8,GLU,,,,,0.597132507,0.052494266,,0.955527975,,,1,1.004409354,,,,0.73657239,,,,0.741353332,,,,0.969219116
8,,,9,GLN,,,,,-0.018191111,0.997837226,-0.035585181,0.642383024,1.019029325,1,0.85220818,0.843776588,0.960526846,,1.040580295,0.883157248,,1.242118037,0.552878914,0.784515312,1.008555948,1.230036298,1.032176346,0.405862683
9,,,10,ILE,,,,,-0.408884544,0.343788286,1.054729027,0.377003276,,,0.869456461,0.400641176,,1,0.984324553,-0.083448478,0.742967387,0.898633722,1.169775313,0.962166047,0.943984216,,,0.940460318
10,,,11,ALA,,,,,1,0.076061663,1.057248297,1.043532771,0.833241199,,-0.107078626,0.880748339,,0.641907052,0.787946156,,0.397339731,0.730098644,0.250202991,0.867244916,1.039677877,,-0.218534157,1.032353969
11,,,12,GLU,,,,,1.189156301,0.335364162,0.861032336,1.037669882,,1.015716776,1,0.948332307,0.910098846,,0.253444102,0.928186619,,,,,0.525491918,,,0.780734005
12,,,13,PHE,,,,,0.640131334,-0.029920635,,1.174801833,0.973321857,0.160700839,,1.218251573,,1.02865727,0.982173679,,-0.08070051,1,,0.9333728,,0.878195838,1.063542673,1.068216763
13,,,14,LYS,,,,,0.448080113,0.89988664,0.852873464,1.019491591,,0.793152275,1.0052625,,0.224109282,-0.301558893,-0.275939501,1,0.664535493,-0.151138584,,0.57641217,0.788098601,,0.344328694,
14,,,15,GLU,,,,,0.750440758,0.36934411,0.217337422,1.024003689,0.469727162,0.867189958,1,0.972574121,0.920838846,1.153820155,1.152875833,0.783603326,0.114197732,,0.242937044,1.09409419,0.319721019,0.583146294,0.863031446,0.841348064
15,,,16,ALA,,,,,1,0.481542598,-0.041254578,0.549348851,0.302310795,0.718681679,0.215944868,0.955987079,0.272198258,1.112082005,0.929423055,0.233043285,1.002794781,0.64910128,0.34556641,0.90669121,0.93279595,0.929396955,0.891452035,0.968774509
16,,,17,PHE,,,,,,-0.0905695,,,0.021736555,,,,0.791024607,0.94243183,1.002703102,,,1,,0.756671541,,,0.545228096,0.892101748
17,,,18,SER,,,,,0.989022203,1.091964133,,,0.737752976,,,,,,1.064133019,,,1.004281046,0.954047786,1,0.915895426,0.853983998,0.872420246,0.850612117
18,,,19,LEU,,,,,,0.478781244,,,,1.029303776,,,,0.565120597,1,,,,0.933058345,0.663739418,,,,1.083774168
19,,,20,PHE,,,,,,,0.41165114,0.56669001,1.036472217,0.924347571,,,0.644729899,0.973576511,0.99197119,,,1,0.426674551,0.932716024,0.154101553,,1.154236658,1.212280837
20,,,21,ASP,,,,,0.38222057,0.860405619,0.893326822,1,1.19578942,0.791567564,1.088637786,0.983164412,0.693778304,0.109467017,0.965680618,0.182162121,,1.163483013,1.298069953,0.913119898,-0.189912049,1.043274267,0.950099144,1.027258932
21,,,22,LYS,,,,,1.087488554,1.060521494,1.067976572,0.377230125,1.017026211,0.999366302,1.025918299,0.290125484,0.358686172,0.988483851,0.476290759,1,0.569188124,0.678165431,-0.017393602,0.940385679,0.861470404,0.042774746,0.617691046,0.87315301
22,,,23,ASP,,,,,1.010770221,0.779775081,1.059490453,1,,,0.95519082,1.028528113,1.021058603,,,1.325729201,,,,-0.2264668,-0.074687792,,0.959515052,0.993721127
23,,,24,GLY,,,,,0.959372839,0.93154378,0.499530825,1.007963713,0.918051828,,,1,,,0.50840785,,,,,0.945367815,,,0.671345603,0.970530648
24,,,25,ASP,,,,,1.096960871,,1.026533296,1,,,0.760371022,0.984295203,0.704175578,,,,,,,,,,,0.8849186
25,,,26,GLY,,,,,1.058954937,1.202396081,0.266606693,0.944596587,0.923341576,,,1,,,,,,,,0.913115287,,,,0.948051991
26,,,27,THR,,,,,1.015230993,0.957891588,1.0351449,0.637525848,0.166341201,,0.604743049,0.979304015,0.410456254,0.96707796,0.299705894,0.53270345,0.908578534,0.377752346,0.884710655,0.963773447,1,0.521905285,0.289580338,0.746589313
27,,,28,ILE,,,,,0.366351245,1.036936607,0.945054389,,,-0.121466867,,0.107262537,,1,0.918769083,0.774984071,1.149274164,1.057794643,-0.231705255,0.831656567,0.894949944,0.391551693,,0.894912473
28,,,29,THR,,,,,0.994009447,0.444667238,,,,,,-0.047177474,,1.008318529,0.438027203,1.070045576,0.583004634,0.691682058,0.983693238,0.693731358,1,,,1.290411
29,,,30,THR,,,,,1.043542625,1.255658288,0.40332855,,-0.086689329,,0.671345603,0.669756505,,1.020431081,0.718195878,0.187089461,0.35479616,,0.852017985,0.995990257,1,,,
30,,,31,LYS,,,,,0.696278152,0.98440205,0.950638425,0.240392993,-0.234607178,0.992158157,1.089758013,0.903705767,1.124309279,1.009614438,0.850504064,1,0.869703693,0.732817894,0.081094243,0.619297997,0.938360143,0.899961655,0.89402598,
31,,,32,GLU,,,,,1.114962094,,,1.047601254,,,1,1.019885083,1.260742258,,0.617794158,0.981114934,0.361979865,,,,,,,1.034203833
32,,,33,LEU,,,,,1.120387119,0.419508943,,,,-0.280081741,-0.125217363,-0.191523199,0.743198115,0.895641602,1,,0.376054591,1.082531178,0.87813119,0.861483096,1.068740857,-0.337633593,0.628086854,0.740044219
33,,,34,GLY,,,,,,1.022893964,,0.084093823,1.026356308,,0.964021054,1,,0.278841988,0.950342004,0.371496507,,,,1.253310969,,,,0.548300388
34,,,35,THR,,,,,0.970360153,0.857755951,0.616061634,,0.907350878,,,,,1.061530473,,,0.205508121,0.892512032,0.876142913,0.970794338,1,0.976167386,0.046334879,0.189069454
35,,,36,VAL,,,,,0.990972465,0.068953294,-0.223127039,0.886155965,0.621674328,,0.971263924,0.836993545,,1.000131051,0.337943547,,0.87542903,1.041212962,0.104430278,0.551666599,1.17352781,0.243892608,,1
36,,,37,MET,,,,,1.214478015,0.759884385,1.214827721,,,,,,,1.001279102,0.926019619,0.930882382,1,,,0.377568064,0.953845309,1.136690756,,1.037992749
37,,,38,ARG,,,,,0.52066933,1,-0.098627319,,0.793476412,0.681872371,1.144219728,0.999945786,0.203018521,,0.659585889,0.958422196,1.038411117,,0.651048135,0.806948796,1.014255968,1.037466419,,1.042413539
38,,,39,SER,,,,,0.90865288,1.000352223,0.66433883,,0.852815895,,0.223925,0.559906442,,0.939279909,1.0908639,0.473320793,,,1.014963821,1,0.943449976,1.157294694,1.246639242,
39,,,40,LEU,,,,,1.233657493,0.744145987,1.263450326,,,1.142740104,,,1.197702605,1.216954256,1,1.042061605,1.099072609,0.280977132,0.766388679,0.885261627,0.35682848,0.425504045,0.071005315,1.089890135
40,,,41,GLY,,,,,1.024219383,1.002813031,0.248435819,1.029489079,0.834043871,0.06165518,1.278816595,1,0.197309297,,,,,,,0.944452474,,,,0.907256122
41,,,42,GLN,,,,,,1.034415454,,0.095887137,,1,0.509031971,0.71354221,1.029907067,,1.013712776,0.58066047,,,0.788088275,,,0.461104301,,0.114963441
42,,,43,ASN,,,,,,1.3165085,1,0.945224253,,,,0.638338296,1.092114166,1.073335572,,0.910030751,,1.258475745,,1.074389027,1.175799271,0.273596275,1.014852708,
43,,,44,PRO,,,,,1.059187592,0.769846536,,,,0.948605946,,,0.891232755,0.549438976,1.02113524,,,,1,0.967171666,1.014629968,,,1.159389385
44,,,45,THR,,,,,1.08835166,0.972826642,0.78917923,-0.36448764,,,1.202987727,0.419763596,,0.831773529,0.953966522,1.029261811,,1.129289012,0.610981259,0.925969887,1,0.739125709,,0.685032595
45,,,46,GLU,,,,,0.890028031,0.889879416,-0.011206504,0.866551192,0.088851855,1.029726379,1,1.006827114,0.641057412,1.150326389,0.842137976,0.628984072,1.23317896,0.344979791,1.361692691,0.337697856,,0.829315224,0.090046741,0.963716596
46,,,47,ALA,,,,,1,0.986794522,0.580242897,0.833472591,0.563394647,0.560890264,1.14647242,0.921837583,0.908475988,0.905615867,0.723089625,0.831235356,1.17944758,0.306286083,0.698752627,1.006393883,1.01711807,0.90553622,,0.935055497
47,,,48,GLU,,,,,0.389237973,0.653281775,0.742835267,1.085314669,0.701340858,0.460905238,1,1.062169529,0.301281086,0.811636595,0.783002056,0.739200732,1.164043251,1.038337243,,0.569104482,-0.073329036,1.072814275,0.964770785,0.918127381
48,,,49,LEU,,,,,1.141909724,1.109869157,,,0.026511584,0.261428341,1.192023531,1.039820689,,0.774220044,1,,0.868775928,0.986985567,0.044107256,0.897901757,,0.878971865,1.215266703,1.100321156
49,,,50,GLN,,,,,,1.078812518,0.629914171,,,1,0.971762411,0.489898712,0.958459023,,1.083409155,1.050672608,,,0.425415092,,,0.735772977,,
50,,,51,ASP,,,,,0.947260159,0.433640142,0.761898272,1,,,0.886263364,0.965232687,0.148057456,,0.260409693,,,,,0.916132391,0.591386137,,0.903058251,0.243435633
51,,,52,MET,,,,,,0.781358039,1.162344628,,,,0.665730655,1.129453067,,0.969968076,0.92672881,0.74730935,1,0.043443525,0.974388815,0.686408529,1.024836284,0.653682725,,0.946723978
52,,,53,ILE,,,,,1.22681485,1.045942895,,0.614441708,1.100598027,,,0.270877159,,1,1.176430253,1.142736714,1.199589135,0.987392612,,0.634181277,1.039718848,0.571049682,,1.035733889
53,,,54,ASN,,,,,-0.375095166,0.578475833,1,1.018075881,0.366672483,0.612946805,0.445020971,0.298581032,0.807505591,0.888358786,-0.279598742,0.828354781,0.866721759,0.232349125,0.80966882,0.89713646,0.466301517,0.837713445,1.050654901,0.457464782
54,,,55,GLU,,,,,0.842235463,1.137948982,0.808371438,0.954925946,0.387879205,0.917846317,1,1.016681704,1.062127081,0.546618325,0.229912801,0.943976839,0.919693153,0.200420378,1.200342306,1.07515705,,1.043863151,0.710310278,1.032593155
55,,,56,VAL,,,,,0.990746976,0.484502638,,,,,0.753244554,1.038366399,,,0.984128508,1.342465276,0.922478194,,,,0.313500095,,,1
56,,,57,ASP,,,,,0.753810313,1.181133677,1.025315817,1,0.615154364,0.806434714,1.052452512,1.00259884,0.795007799,,0.233521781,0.830346754,,0.649857294,0.012597271,0.505424211,0.856071523,1.106427106,0.939742966,0.906759171
57,,,58,ALA,,,,,1,,,0.889496286,,,1.123224546,0.731408386,,,,,,0.527894664,1.215608584,0.764369269,1.035118352,,,1.058182698
58,,,59,ASP,,,,,1.029204508,,0.972761602,1,1.228309192,,1.032598811,0.991833857,1.222959647,,0.988951183,,,1.005690739,,0.781072871,,,0.812729854,0.866500359
59,,,60,GLY,,,,,,0.83907268,1.083760764,1.085794222,1.014199164,,,1,,,,,,,,1.068582571,,,0.938467388,0.385266066
60,,,61,ASN,,,,,1.134919316,0.21201267,1,0.958264352,,,,,-0.106885018,0.895629926,0.379750479,0.777020396,0.241205441,0.35639951,,1.032722579,0.364815112,,0.822497229,
61,,,62,GLY,,,,,1.144701391,1.067896398,0.228344173,0.926664672,0.977908179,1.259632704,1.12098354,1,1.118499177,,,,0.869272179,,,0.998753077,0.120018477,,,0.892997047
62,,,63,THR,,,,,0.929120669,0.913864206,0.571087094,0.442127232,0.374059007,0.501409039,0.35615373,0.963096556,,1.019447893,0.654556058,0.783883003,0.372642106,0.618161786,1.020673228,0.663678042,1,0.545119334,,0.841168916
63,,,64,ILE,,,,,0.849704814,0.565060863,0.913455158,,,,,,,1,0.826007553,,0.929788413,1.053310994,1.228237474,0.901326214,1.028209225,,1.032772713,1.059696914
64,,,65,ASP,,,,,0.934308587,0.145822835,1.141207059,1,1.197556094,0.907276043,0.991429367,1.026450321,0.361775294,0.647194612,0.629032928,0.693405644,0.874758057,0.558616321,1.112905429,1.072350141,1.229559453,1.025041965,1.065230473,1.020946236
65,,,66,PHE,,,,,1.158644365,0.559270629,0.352028129,0.048144131,1.067711435,0.563017522,-0.151755057,0.052033344,0.435152382,0.683992596,1.029917578,,,1,0.169377244,0.946226136,0.187049231,0.211101532,1.000765973,0.999543578
66,,,67,PRO,,,,,0.947133769,0.82235058,,,,0.931931553,0.726088552,,0.882554547,0.83329672,0.973486289,0.370219708,,1.008608608,1,0.943648913,0.989715759,,,0.907463315
67,,,68,GLU,,,,,1.156251339,-0.114099782,0.95042315,0.86766648,0.901834388,0.470260371,1,0.993889773,,,-0.307518305,1.006430651,,-0.027345338,,,0.919251501,0.761505505,0.531448105,0.575403772
68,,,69,PHE,,,,,,0.06553535,,,0.280220929,,,-0.135881101,,0.476794511,0.954010554,,-0.152221077,1,,0.716532851,0.001847433,,0.788967122,0.850999014
69,,,70,LEU,,,,,0.709559871,1.105084932,1.24216807,0.193821091,0.419474485,0.172319239,-0.03090547,0.87361237,,1.059490994,1,1.074402524,0.970860249,0.683793861,-0.219886026,1.046507783,0.053039953,0.994874847,0.893036247,0.97474037
70,,,71,THR,,,,,1.053022185,0.91270463,0.848504515,-0.113005476,,,,0.781588076,,1.020056637,,1.028359914,1.20083592,0.044176868,1.05668332,0.626644302,1,,-0.057197002,0.668797029
71,,,72,MET,,,,,,0.812293964,1.049585753,,,1.186641899,0.254887852,0.014021884,,0.967535422,1.101301896,0.609601754,1,1.210079715,,,1.055815371,0.99286614,,1.070685148
72,,,73,MET,,,,,1.052388236,0.940545608,1.157601434,,,,0.804995214,,,0.954553852,0.906130178,1.084492285,1,1.164744707,0.674092456,0.117944069,1.062087496,,,1.035434723
73,,,74,ALA,,,,,1,0.673567477,1.023474167,0.786374193,,0.523171744,0.209155766,1.076010102,0.652020707,0.082800709,,,,,0.822175126,0.944881174,0.964010851,,,0.976974104
74,,,75,ARG,,,,,0.951517455,1,-0.018289911,,0.001809535,,1.12073487,1.053939151,,1.012540179,1.204536813,0.992882059,1.093353536,,0.868827078,0.932215265,0.304982135,0.705572151,,
75,,,76,LYS,,,,,1.094093774,1.003263764,0.710475216,0.771699711,1.204761076,0.08285831,1.042861714,0.0965251,0.87492243,0.899545578,0.320410646,1,,,1.161921884,0.755608845,0.801619783,1.134565577,1.244003201,0.782671917
76,,,77,MET,,,,,1.276895788,1.01519136,,,,1.301060882,0.342552225,0.898185401,,0.975589177,1.002523986,0.694502054,1,,0.79377146,1.161723807,0.991588877,,,0.979611546
77,,,78,LYS,,,,,0.419261985,1.015059818,0.651025885,0.724976263,1.055942472,1.044392899,1.02091109,0.968166716,0.297383456,0.997840773,0.060898989,1,-0.237248455,-0.168338252,,1.069518065,0.90618214,0.045458688,0.909266046,-0.078324983
78,,,79,ASP,,,,,1.0288463,0.968858102,0.911396081,1,1.146968522,0.727523597,0.926952113,0.988488863,0.829268023,0.657647455,0.870293689,0.814670164,,0.855012558,0.845793537,0.513569315,0.258658345,1.083265126,0.936794094,0.83024239
79,,,80,THR,,,,,1.062601835,0.804657929,0.346535139,0.707516107,0.536502393,,0.882626248,0.931421546,,1.166825861,1.017155333,0.868010732,1.018712801,0.437961853,1.003329761,0.931539336,1,0.494819134,0.400147714,0.610485971
80,,,81,ASP,,,,,1.106564948,,0.895257004,1,0.923250375,,1.182460073,1.009551347,,,,,,,,-0.157671754,,,0.737502848,1.136780918
81,,,82,SER,,,,,1.145861903,1.00243724,1.086571439,-0.162362364,1.173533843,,,1.069218389,,0.822789495,,0.684650851,,,,1,0.492283337,,,
82,,,83,GLU,,,,,0.754557793,0.033609269,-0.091586508,0.721687824,,0.389426516,1,1.003992243,1.036522161,0.071817265,0.978037203,0.925258211,0.712693173,,,,0.089420782,0.959415819,0.394643866,1.036208564
83,,,84,GLU,,,,,1.213479647,0.962503458,0.973074664,1.052741669,,0.842114378,1,1.02173658,,1.195694689,0.835029137,0.869304367,,0.832662607,,,,,0.863779189,1.027632689
84,,,85,GLU,,,,,0.797164658,1.033103504,0.909994,0.709470805,0.77331086,0.541130344,1,0.941702681,0.471483679,1.120115588,0.569205344,0.479154495,1.161497761,0.240776467,,-0.157744474,0.971446626,,0.926085055,0.839909046
85,,,86,ILE,,,,,0.831724295,0.311175273,0.842089223,,,,,1.116544431,,1,1.258417273,,,0.835278139,,0.728306422,1.021027641,,,0.956080429
86,,,87,ARG,,,,,,1,0.814107915,,0.990739687,0.818005604,,0.609668422,0.92806438,,0.849080147,0.760219572,,1.025951108,0.854205519,0.741256642,0.412662698,1.189601212,0.929906748,1.192571868
87,,,88,GLU,,,,,0.753062231,0.201842001,,0.967991608,,0.965892311,1,0.948940324,0.311175273,,,0.958705766,,0.392326243,,,,,,0.923197035
88,,,89,ALA,,,,,1,,,-0.370555063,0.515698657,,0.103758961,,,0.910339383,0.391290199,,,,,1.063484685,0.713598303,,,0.900946336
89,,,90,PHE,,,,,,0.108160953,,,0.570817942,,,,,0.760371211,0.752242042,,,1,,0.277618156,,,0.981231432,0.135324252
90,,,91,ARG,,,,,,1,,,0.222975965,0.888723644,,0.2244671,,0.156848405,0.942695008,,,,0.533877858,,,0.346535139,,
91,,,92,VAL,,,,,1.001706699,,,0.494790965,,,,0.859380879,,0.983404776,1.05381551,,,1.065996253,,,,,,1
92,,,93,PHE,,,,,,,,,0.431735679,,,,0.929906748,0.3370543,0.989892638,,,1,,0.155336041,,,0.947244256,0.948518435
93,,,94,ASP,,,,,0.648978975,0.076475831,0.969909344,1,0.914883338,,,0.908191264,0.894603548,,0.888267634,,,0.313398309,,-0.090933727,,0.254455661,0.745711332,0.678627156
94,,,95,LYS,,,,,,1.060906743,0.540308328,0.081052638,,1.040913188,0.942013218,0.493137894,1.129447245,0.311175273,,1,0.359352971,,,1.191236694,0.546671305,,,0.403327435
95,,,96,ASP,,,,,-0.010418314,,1.027308872,1,,,0.877766583,1.001754989,0.565033424,0.254455661,,,,,,0.500862007,,0.570869736,0.462986841,0.861388509
96,,,97,GLY,,,,,1.091210911,1.099574611,0.90058561,0.99112054,0.887956122,,1.028354494,1,,,,1.215224144,,0.342654969,-0.266841134,0.937666137,,-0.113005476,,0.759939311
97,,,98,ASN,,,,,,,1,0.930354145,,,,0.978179956,0.917188851,0.834465251,,1.072838976,1.183505126,0.941819079,,0.90223041,0.653823385,,0.892989935,
98,,,99,GLY,,,,,0.576975768,0.90245466,0.762057648,1.03266413,0.986815346,0.089476762,,1,,,0.142907508,,,0.622507482,-0.080701625,1.105520259,0.500862007,0.786538557,0.898240292,0.845271507
99,,,100,TYR,,,,,0.709132284,0.889233839,1.02258549,1.032568623,0.921936792,1.302307478,,,1.053382931,0.737217151,0.610856586,,,0.831775091,-0.004469713,0.739810774,0.161698384,,1,0.40250328
100,,,101,ILE,,,,,0.968913729,-0.105120074,,,1.162165947,,,,,1,0.981753466,,,1.086639187,0.012952776,0.439057862,0.828203977,,,1.008742096
101,,,102,SER,,,,,,0.962852324,1.060047522,0.785019223,1.11658556,,,0.955022164,0.88295459,0.6416642,0.854339725,,0.526174607,0.488623139,0.7566763,1,0.677415387,1.31477184,,0.200731642
102,,,103,ALA,,,,,1,1.062652689,1.123419882,0.974714031,-0.483185729,,,0.912591978,,0.934712419,,0.926617881,1.18838412,0.223025163,0.770198072,0.919941042,1.021623006,,0.020951105,0.847911068
103,,,104,ALA,,,,,1,0.889512099,,0.118320372,,,,1.000625804,,0.103296961,0.629449065,0.237999376,,,1.049840603,0.947809338,0.874583472,,,0.927890518
104,,,105,GLU,,,,,1.085512657,,,0.984630162,,,1,0.988221619,,,,0.618333475,,,,0.082960506,,,,1.062403201
105,,,106,LEU,,,,,,-0.120839329,,,,0.397837657,,,0.874403628,1.140460002,1,0.343083872,,,0.067278795,0.408535185,0.419268046,,,
106,,,107,ARG,,,,,,1,,,0.949971592,0.533285549,,1.066029294,0.991593182,,1.042391351,,,0.369355119,0.251355975,0.349669554,,,,0.53894705
107,,,108,HIS,,,,,0.984947987,1.005889263,1.026822612,1.110498073,0.355776573,0.98602776,,,1,1.037999521,1.004852373,,,1.10620188,0.85843529,0.980471053,,,1.033808166,
108,,,109,VAL,,,,,0.992653767,,,0.108202064,,,0.039362497,0.577297418,,0.911423144,,,0.93281649,1.033636766,,,0.917972891,,,1
109,,,110,MET,,,,,1.010388005,0.23006486,,,,,,0.543976218,,0.863656158,0.989140233,0.635908349,1,-0.184440019,,0.281397463,0.925899114,,,0.922922699
110,,,111,THR,,,,,1.002534696,,,,0.749443003,,1.132086095,0.576840219,,1.009588938,0.927207032,0.581885606,0.369519708,0.658946092,0.752606046,0.787720236,1,0.204951863,,-0.02336971
111,,,112,ASN,,,,,,1.281795096,1,1.081308493,,,,1.224463692,0.806513695,0.948908402,,0.712212202,,,,1.035093992,0.985044694,,0.87512608,
112,,,113,LEU,,,,,0.142826868,0.084576083,0.320917541,,0.990690257,0.209102808,0.376724475,-0.181550765,0.187705816,0.933255451,1,0.384999239,0.121066866,0.987468865,0.472880105,0.808304669,,0.179910038,0.433860672,0.586700489
113,,,114,GLY,,,,,0.589704778,0.611547236,,0.314612453,0.360135341,0.210910786,0.510176075,1,,,0.692012113,0.359594274,,0.366477662,,,0.472068019,0.677848894,0.495129228,0.586635352
114,,,115,GLU,,,,,0.684099379,,0.711771278,0.919473216,,0.699919485,1,0.909908023,1.01204116,-0.04830473,-0.241942673,0.961644245,1.108007251,,1.119729188,0.57756075,0.407862716,0.495792032,1.18035036,0.918602782
115,,,116,LYS,,,,,,1.011818301,0.984437902,-0.013825536,,1.122567106,0.961087941,1.174117193,1.23436288,1.053484141,1.10050682,1,0.757306794,0.298791533,1.11223271,0.721249158,1.066889381,,0.496624131,0.872790117
116,,,117,LEU,,,,,0.850948874,0.590657032,0.119771297,-0.059147953,0.547994498,0.703068406,,0.731640786,0.08126261,0.974814527,1,,-0.27446093,0.638515672,0.818695113,0.996138574,,,,0.536830377
117,,,118,THR,,,,,1.024962379,0.863057734,0.757725506,1.034696831,,,0.971875818,-0.009354021,,1.011542154,0.805836455,0.900117532,0.885534852,0.918006044,0.741368863,0.960101173,1,0.249992723,1.045753133,0.984247202
118,,,119,ASP,,,,,1.187403152,0.915663579,0.980850549,1,1.215088479,,1.131747921,0.988557636,0.856373819,,0.792266401,0.862635994,,0.813726976,0.220751643,1.089562427,1.216918647,0.780616597,0.975626659,0.84212677
119,,,120,GLU,,,,,1.165269134,,0.942400781,0.878811727,0.984846436,,1,1.017111108,1.081391547,0.974716349,0.903810877,0.80858158,0.346092148,1.146141961,,1.14291237,,0.914226122,1.04280085,0.975664936
120,,,121,GLU,,,,,0.372323844,0.922914156,0.106699955,1.00846542,-0.193775282,0.701274054,1,0.916667456,,0.500198646,-0.448408944,0.79951764,,,,-0.060960046,,,0.919160184,0.83438717
121,,,122,VAL,,,,,1.018540206,0.487905866,,0.685787916,,-0.107235522,0.439997097,1.00848854,0.658626054,0.96720279,0.839073819,0.852351763,1.094205089,0.267682946,-0.221762401,1.207087763,1.214964925,0.481991482,,1
122,,,123,ASP,,,,,0.847881926,0.939152928,1.008402828,1,0.388480333,,0.845982001,1.022229896,0.501616015,1.16644489,-0.177318997,0.612514912,,0.958699482,0.881542434,0.954209451,,0.770188665,0.966193788,0.694944216
123,,,124,GLU,,,,,1.029383286,0.965523298,1.02737923,0.695878575,,,1,0.976444697,,0.889364247,0.032846241,1.000060874,,,,0.883296538,1.190203074,,0.245476424,1.006666418
124,,,125,MET,,,,,0.713601499,0.447215493,,,,0.509432124,0.376528576,0.720444383,,0.8817295,1.044512873,,1,0.614239334,0.199051607,0.508513742,0.864923013,0.02607438,,0.983064512
125,,,126,ILE,,,,,0.580388091,0.460835625,0.808430845,,0.49900376,0.191053278,,-0.472868743,,1,0.926973364,,1.112311788,0.857644433,,1.035313963,0.950844425,0.654429166,,1.005516328
126,,,127,ARG,,,,,,1,0.976672977,,0.106440083,,0.044758571,0.96014753,,0.937726549,1.085186432,0.899282722,0.897609099,0.576522831,0.119771297,0.774424608,0.716658383,0.876488809,,0.608198172
127,,,128,GLU,,,,,1.114129962,0.173438195,,1.099289733,,,1,0.962227411,0.88630874,,0.624194421,0.845604409,,,,,,,,1.093999186
128,,,129,ALA,,,,,1,0.682842679,,-0.065212583,,,0.33077361,0.951598717,,-0.28014748,0.491519897,1.149574239,,,1.049867084,1.00462907,0.759401772,,0.151250993,1.004971962
129,,,130,ASP,,,,,0.348670847,0.309318063,0.928464271,1,0.838117132,0.544331104,0.929297712,0.89776678,0.740262119,0.124216641,0.394621024,-0.139923166,,0.0757705,,0.874370171,,-0.323775903,0.832870117,0.971740466
130,,,131,ILE,,,,,0.890313579,1.028647986,1.104869859,,0.744942114,0.688960576,,0.651719143,1.099966055,1,0.995231883,0.596408833,1.013875965,1.057189431,-0.111796203,0.811535559,1.045575517,1.127111926,0.946937386,0.994796304
131,,,132,ASP,,,,,0.882847855,0.338030122,0.881806577,1,,,0.827152384,1.033358484,,,-0.136759642,,,1.117699071,,1.169586933,,,0.782131242,0.85423189
132,,,133,GLY,,,,,0.895285452,0.948883894,0.902356844,0.648941629,0.075254444,,0.986830742,1,,,0.200922268,0.867834484,,,-0.099408878,0.209277654,,-0.022114823,,0.88710512
133,,,134,ASP,,,,,0.558843368,0.448864516,1.036991862,1,0.84882136,0.879792483,1.057930367,0.969847843,,,,-0.237671426,,0.324481442,,0.359430501,,,0.428566091,0.688960431
134,,,135,GLY,,,,,0.975659796,0.914977326,,,1.02297611,0.337668024,0.937528842,1,,,,0.671746674,0.355500095,,,1.128800736,,,,0.771567484
135,,,136,GLN,,,,,,1.043282768,,0.401076467,,1,1.005190434,,0.85961019,0.732187255,0.945936002,,-0.265881418,,0.770992343,0.482803933,0.802777287,-0.049102238,,0.53894705
136,,,137,VAL,,,,,0.981464599,,,0.402703316,1.146535284,,,0.454504186,,0.997183032,0.377096951,,,0.773580754,,,,1.052396215,,1
137,,,138,ASN,,,,,0.752322971,0.254781759,1,1.00192295,1.18604714,,,0.757268929,0.932006007,1.032543176,,0.978651375,,1.110235847,1.274694336,1.06660028,0.762582132,,1.168619662,1.023608459
138,,,139,TYR,,,,,,0.243579125,1.042397119,1.051483523,0.870969255,0.160583994,,-0.152680712,0.990003301,0.277206505,-0.329969745,0.455281449,,1.028252996,0.609327796,0.482729945,,0.870018026,1,0.218114682
139,,,140,GLU,,,,,0.98563978,0.127934822,0.71709447,0.863566898,,1.0265121,1,0.981833399,,0.977613089,0.23306541,0.930718799,1.046763013,0.475749555,,,0.60118119,,0.976788933,0.877723082
140,,,141,GLU,,,,,0.299069561,0.597415466,,0.934417751,,,1,0.992056716,,0.580959181,,0.685215355,0.588621968,-0.123335516,,,,,0.014043856,0.753869786
141,,,142,PHE,,,,,,,,,0.276019654,,,,,0.240822061,0.669887435,,,1,,0.009061205,,,0.956376437,
142,,,143,VAL,,,,,1.004247119,,,,,,1.123703615,0.75611066,,0.990256121,0.976491478,1.211384484,1.089560604,,,0.034871522,-0.09103132,,,1
143,,,144,GLN,,,,,,1.013176023,0.103226987,0.568557389,0.610911419,1,1.194164887,0.854852899,0.880913188,,1.07738138,0.736522838,,,0.909448859,1.084634685,0.664846128,0.560539696,0.815051194,0.743092426
144,,,145,MET,,,,,1.01995175,0.28207582,,,,1.069754039,,,,0.735042704,0.667713882,0.824815167,1,,,0.565337294,0.980020314,,,0.927540728
145,,,146,MET,,,,,0.71709447,0.167927898,,,,,,,,0.884788445,0.827819567,0.553869939,1,,,,0.954660983,,,1.021207236
146,,,147,THR,,,,,1.005920244,,1.132155137,,,,,,,1.03697411,,,,0.389537153,1.006368286,1.00019587,1,,,1.24907417
147,,,148,ALA,,,,,1,,,0.509216157,,,,0.761843267,,,,,,,0.731612675,0.631867704,1.060426642,,,1.024347952
148,,,149,LYS,,,,,,1.00077846,0.97037115,,,0.560078938,0.96721705,,,0.829928782,,1,0.628895161,,,,0.741515609,,,
